{"initial_reset_timestamp": 1585961247.199956, "timestamps": [1585961247.667215], "episode_lengths": [101], "episode_rewards": [0.4790476190476191], "episode_types": ["t"]}