{"initial_reset_timestamp": 1585929624.9336362, "timestamps": [1585929625.358582], "episode_lengths": [101], "episode_rewards": [0.47099454365079363], "episode_types": ["t"]}