{"initial_reset_timestamp": 1585947532.855701, "timestamps": [1585947533.334653], "episode_lengths": [101], "episode_rewards": [0.41329613095238105], "episode_types": ["t"]}