{"initial_reset_timestamp": 1585931642.367569, "timestamps": [1585931642.8174531], "episode_lengths": [101], "episode_rewards": [0.46041666666666664], "episode_types": ["t"]}