{"initial_reset_timestamp": 1585966916.902569, "timestamps": [1585966917.300472], "episode_lengths": [101], "episode_rewards": [0.7122321428571428], "episode_types": ["t"]}