{"initial_reset_timestamp": 1585951461.180105, "timestamps": [1585951461.755268], "episode_lengths": [101], "episode_rewards": [0.309672619047619], "episode_types": ["t"]}