{"initial_reset_timestamp": 1585939666.0483708, "timestamps": [1585939666.523595], "episode_lengths": [101], "episode_rewards": [0.26333333333333336], "episode_types": ["t"]}