{"initial_reset_timestamp": 1585955381.3855722, "timestamps": [1585955381.882396], "episode_lengths": [101], "episode_rewards": [0.35468750000000004], "episode_types": ["t"]}