{"initial_reset_timestamp": 1585935675.766739, "timestamps": [1585935676.2330399], "episode_lengths": [101], "episode_rewards": [0.29558035714285713], "episode_types": ["t"]}