{"initial_reset_timestamp": 1585957339.2348201, "timestamps": [1585957339.869879], "episode_lengths": [101], "episode_rewards": [0.2687500000000001], "episode_types": ["t"]}