{"initial_reset_timestamp": 1585949498.359765, "timestamps": [1585949498.921057], "episode_lengths": [101], "episode_rewards": [0.3920932539682539], "episode_types": ["t"]}