{"initial_reset_timestamp": 1585963198.052704, "timestamps": [1585963198.532964], "episode_lengths": [101], "episode_rewards": [0.38176587301587295], "episode_types": ["t"]}