{"initial_reset_timestamp": 1585945569.7409542, "timestamps": [1585945570.181132], "episode_lengths": [101], "episode_rewards": [0.5022222222222222], "episode_types": ["t"]}