{"initial_reset_timestamp": 1585927838.18542, "timestamps": [1585927838.808435], "episode_lengths": [101], "episode_rewards": [0.4053472222222223], "episode_types": ["t"]}