{"initial_reset_timestamp": 1585959295.251754, "timestamps": [1585959295.714849], "episode_lengths": [101], "episode_rewards": [0.4156547619047619], "episode_types": ["t"]}