{"initial_reset_timestamp": 1585933658.6430001, "timestamps": [1585933659.239878], "episode_lengths": [101], "episode_rewards": [0.3928174603174604], "episode_types": ["t"]}