{"initial_reset_timestamp": 1585943605.989093, "timestamps": [1585943606.462187], "episode_lengths": [101], "episode_rewards": [0.3482043650793652], "episode_types": ["t"]}