{"initial_reset_timestamp": 1585965065.950233, "timestamps": [1585965066.395508], "episode_lengths": [101], "episode_rewards": [0.4787053571428571], "episode_types": ["t"]}