{"initial_reset_timestamp": 1585941637.417989, "timestamps": [1585941637.907349], "episode_lengths": [101], "episode_rewards": [0.4931448412698412], "episode_types": ["t"]}