{"initial_reset_timestamp": 1585953421.090218, "timestamps": [1585953421.53708], "episode_lengths": [101], "episode_rewards": [0.35243055555555547], "episode_types": ["t"]}