{"initial_reset_timestamp": 1585937693.323848, "timestamps": [1585937693.735189], "episode_lengths": [101], "episode_rewards": [0.4471006944444445], "episode_types": ["t"]}